Model,MAE (€),RMSE (€),R² Score,MAPE (%)
Linear Regression,47.91454314856468,60.61266539617498,0.7177638113666944,3.583191243194749
Random Forest,57.86000201292166,72.56070685435257,0.5955275516954455,4.266823862902219
